,ticker,text,neg,neu,pos,compound
0,AMZN,RT  URDailyHistory    Dec       Scottish  writer Robert Louis  Stevenson  who wrote  Treasure Island  dies at the of age    in Vailima  the ,0.0,0.896,0.104,0.296
1,AMZN,RT  NatGeo  Last but certainly not least  give your science lover an electrifying journey through space and time with this stunning sequel ,0.0,0.607,0.393,0.9231
2,AMZN,RT  gate  marco  New from Gate     chriswrightzz fantastic book  Blue Days   the transformation of Chelsea under Hoddle  Gullit  amp  Vialli    ,0.0,0.841,0.159,0.5574
3,AMZN, MadMraket what s going on with AMZN   ,0.0,1.0,0.0,0.0
4,AMZN,RT  OriginalFunko  Bidi Bidi Bom Bom  Coming soon  Pop  Rocks  Selena  Commemorate the Greatest Latin Female Artist of All Time by pre orde ,0.0,0.84,0.16,0.6369
5,AMZN,RT  SleekDeals   Price Drop on Hot Air Brush with ION Generator   Perfect One Step Hair Dryer and Volumizer for All Hair Types    beauty  d ,0.071,0.676,0.253,0.7506
6,AMZN,RT  URDailyHistory    Dec       Scottish  writer Robert Louis  Stevenson  who wrote  Treasure Island  dies at the of age    in  Vailima  th ,0.0,0.896,0.104,0.296
7,AMZN,RT  NatGeo  While we re all home  it s a great time to connect with nature and discover the birds in our own backyard  This guide will be a ,0.0,0.859,0.141,0.6249
8,AMZN,RT  JulieBe          Due to the absolutely amazing response this year from everybody donating and collecting pyjamas on our behalf  we are ,0.0,0.83,0.17,0.624
9,AMZN,RT  OriginalFunko  Bidi Bidi Bom Bom  Coming soon  Pop  Rocks  Selena  Commemorate the Greatest Latin Female Artist of All Time by pre orde ,0.0,0.84,0.16,0.6369
10,AMZN,RT  AegeanSunSeries  Skinny dipping at sunset   Dancing on the beach until sunrise   Cocktails for breakfast             What else do the p ,0.0,1.0,0.0,0.0
11,AMZN,RT  NatGeo  For your dear environmentalist  these moving photos bring you eye to eye with the world s endangered species and this special e ,0.0,0.777,0.223,0.6932
12,AMZN,RT  RJStoneAuthor  Milk Manor series  Parts I IV by RJ Stone   Lynn couldn t pay her hospital delivery debt   The doctor let her pay in mil ,0.202,0.798,0.0,-0.5106
13,AMZN,RT  OriginalFunko  Bidi Bidi Bom Bom  Coming soon  Pop  Rocks  Selena  Commemorate the Greatest Latin Female Artist of All Time by pre orde ,0.0,0.84,0.16,0.6369
14,AMZN,RT  OriginalFunko  Bidi Bidi Bom Bom  Coming soon  Pop  Rocks  Selena  Commemorate the Greatest Latin Female Artist of All Time by pre orde ,0.0,0.84,0.16,0.6369
15,AMZN,RT  OriginalFunko  Bidi Bidi Bom Bom  Coming soon  Pop  Rocks  Selena  Commemorate the Greatest Latin Female Artist of All Time by pre orde ,0.0,0.84,0.16,0.6369
16,AMZN,RT  OriginalFunko  Bidi Bidi Bom Bom  Coming soon  Pop  Rocks  Selena  Commemorate the Greatest Latin Female Artist of All Time by pre orde ,0.0,0.84,0.16,0.6369
17,AMZN,RT  OriginalFunko  Bidi Bidi Bom Bom  Coming soon  Pop  Rocks  Selena  Commemorate the Greatest Latin Female Artist of All Time by pre orde ,0.0,0.84,0.16,0.6369
18,AMZN,RT  InvestorIdeas  AI Eye Episode      BlackBerry  NYSE  BB  and AWS  NasdaqGS  AMZN  Announce Agreement for Intelligent Vehicle Data Platf ,0.0,0.733,0.267,0.7351
19,AMZN,RT  myfourandmore  My daughter is   and loves playing  mommy  to all her dolls   ad Kookamunga Kids Co has the most adorable doll accessori ,0.0,0.69,0.31,0.8399
20,AMZN,RT  OriginalFunko  Bidi Bidi Bom Bom  Coming soon  Pop  Rocks  Selena  Commemorate the Greatest Latin Female Artist of All Time by pre orde ,0.0,0.84,0.16,0.6369
21,AMZN,RT  judithbarrow        Great story of the war years in the UK and the lives of those left behind  Characters vibrant  Didn t want to put i ,0.119,0.612,0.269,0.5994
22,AMZN,RT  OriginalFunko  Bidi Bidi Bom Bom  Coming soon  Pop  Rocks  Selena  Commemorate the Greatest Latin Female Artist of All Time by pre orde ,0.0,0.84,0.16,0.6369
23,AMZN,RT  OriginalFunko  Bidi Bidi Bom Bom  Coming soon  Pop  Rocks  Selena  Commemorate the Greatest Latin Female Artist of All Time by pre orde ,0.0,0.84,0.16,0.6369
24,AMZN,RT  funkofinderz  Bidi Bidi Bom Bom  Coming soon  Pop  Rocks  Selena  Commemorate the Greatest Latin Female Artist of All Time by pre order ,0.0,0.84,0.16,0.6369
25,AMZN,RT  funkofinderz  Bidi Bidi Bom Bom  Coming soon  Pop  Rocks  Selena  Commemorate the Greatest Latin Female Artist of All Time by pre order ,0.0,0.84,0.16,0.6369
26,AMZN,RT  funkofinderz  Bidi Bidi Bom Bom  Coming soon  Pop  Rocks  Selena  Commemorate the Greatest Latin Female Artist of All Time by pre order ,0.0,0.84,0.16,0.6369
27,AMZN,RT  OriginalFunko  Bidi Bidi Bom Bom  Coming soon  Pop  Rocks  Selena  Commemorate the Greatest Latin Female Artist of All Time by pre orde ,0.0,0.84,0.16,0.6369
28,AMZN,RT  amazonmusicjp   ENHYPEN   ENHYPEN JP           BORDER   DAY ONE           I LAND                                   Given Taken         ,0.0,0.798,0.202,0.368
29,AMZN,RT  E eiga   Amazon                                         K ULTRA HD Blu ray  HDR                                                         ,0.0,0.805,0.195,0.1779
30,AMZN,RT  OriginalFunko  Bidi Bidi Bom Bom  Coming soon  Pop  Rocks  Selena  Commemorate the Greatest Latin Female Artist of All Time by pre orde ,0.0,0.84,0.16,0.6369
31,AMZN,RT  Raymond Norman       Entertaining and inspiring   RJiltonWarner s MY DAD MY DOG is a story of life  love  amp  loss that all can relate to ,0.074,0.609,0.317,0.8225
32,TSLA,RT  GreenMarubozu  Traded  MRNA and  TSLA today  Knowing your entry and exit will save you a lot of stress  Hold and hope is not a strategy ,0.094,0.702,0.204,0.5106
33,TSLA,S  j vla sugen p  att korta  tsla men v gar inte riktigt     ,0.0,1.0,0.0,0.0
34,TSLA, mktparticipants Long some  TSLA Dec       calls    ,0.0,1.0,0.0,0.0
35,TSLA,RT  TigerWolfCap  TIGER WOLF CAPITAL        GIVEAWAY    To enter     Follow  TigerWolfCap     Comment  investing  amp  Tag   Friends    Retweet ,0.0,0.829,0.171,0.4767
36,TSLA, fahdananta Lovely stuff  Fuelled mostly by TSLA    ,0.0,0.612,0.388,0.5859
37,TSLA, TSLA  FXHedge  Fxhedgers   m PELOSI  WILL SPEAK WITH MNUCHIN   FOX NEWS and,0.0,1.0,0.0,0.0
38,TSLA, TSLA I expect at least      before their addition into  SPY,0.0,1.0,0.0,0.0
39,TSLA,Oh how I miss  TSLA   September s early prices,0.211,0.789,0.0,-0.1531
40,TSLA, TSLA trying to test     for NHOD ,0.0,1.0,0.0,0.0
41,TSLA,RT  ICannot Enough  Morgan Stanley names  TSLA a  Secular Growth Stock  For       Tesl is expected to generate a  higher percentage of reve ,0.0,0.88,0.12,0.3818
42,TSLA,Hoping I can look back at this tweet in       years and be able to say that  TSLA paid off my mortgage  ,0.0,0.872,0.128,0.4215
43,TSLA, Villager      Laurie Garrett  Tesla Thank you  Was going to say it s way more than       Been riding this wave myself for a while   TSLA,0.0,0.894,0.106,0.3612
44,TSLA,RT  The Real Fly  CHANOS SAYS HIS STUPID  TSLA SHORT IS  PAINFUL   AS MARKETS  EMBRACE THE GOLDEN AGE OF FRAUD ,0.393,0.511,0.097,-0.8825
45,TSLA,  DNuts  hodlwave I don t play equities often  but when I do I m going short   Looking to pick up tsla puts as it gets closer to     ,0.0,0.925,0.075,0.1779
46,TSLA, TeresaTrades      Put on TSLA  Somebody is trying to win the lottery  What would that pay ,0.077,0.714,0.209,0.5267
47,TSLA, TSLA is always a buy ,0.0,1.0,0.0,0.0
48,TSLA,RT  jakebrowatzke  If you think a                  TSLA price target sounds crazy remember  elonmusk is trying to control the whole ecosyst ,0.118,0.882,0.0,-0.34
49,TSLA, T OConnell  enrique alvarez I saw it described earlier as making TSLA look like a value stock lol but they re eating it up so     ,0.0,0.78,0.22,0.5187
50,TSLA,RT  ParikPatelCFA  Good morning everyone  I did some technical analysis on  TSLA last night and I am happy to say I reiterate my bullish po ,0.123,0.651,0.226,0.4588
51,TSLA,RT  garyblack     TSLA up    pre market on GS upgrade   One pattern I ve noticed   When there is good news  RH investors chase TSLA up pre  ,0.0,0.888,0.112,0.4404
52,TSLA, TSLA having trouble with      level   Lets see if I can break here and head for     ,0.172,0.828,0.0,-0.4019
53,TSLA, squawksquare There is a chance for ATH close for  TSLA today ,0.0,0.818,0.182,0.25
54,TSLA,RT  teslashanghai  Tesla Model   sold about     k in  November in China  MoM       tsla,0.0,1.0,0.0,0.0
55,TSLA, TSLA setting up   SNOW NHOD,0.0,1.0,0.0,0.0
56,TSLA,RT  vincent          I am old enough to remember the other  The Big Short  guy Steve Eisman also shorted  TSLA in       Guess what happened ,0.0,1.0,0.0,0.0
57,TSLA,RT  SawyerMerritt  At Goldman Sachs new  TSLA PT of       that would give Tesla a     B market cap ,0.0,1.0,0.0,0.0
58,TSLA,RT  UncleBillyMoney   ENZC  BIG     K WALL BREAK at      This stock likes to make major moves Power Hour  Watch for       MRK  LLY  REGN  M ,0.0,0.877,0.123,0.4215
59,TSLA, IGEN form   should be out any day now     aapl  fb  twtr  gs  goog  gm  f   c  bac  tsla,0.0,1.0,0.0,0.0
60,TSLA,RT  stevenmarkryan  It was only mid October when Oldman Sacks raised their  TSLA price target to        Now upped to        Expect more big ,0.0,1.0,0.0,0.0
61,TSLA,Another      day thanks to  TSLA   APPN  CRWD  ROKU    all having stellar openings today ,0.0,0.805,0.195,0.4404
62,TSLA,RT  ParikPatelCFA  Good morning everyone  I did some technical analysis on  TSLA last night and I am happy to say I reiterate my bullish po ,0.123,0.651,0.226,0.4588
63,TSLA,RT  ParikPatelCFA  Good morning everyone  I did some technical analysis on  TSLA last night and I am happy to say I reiterate my bullish po ,0.123,0.651,0.226,0.4588
64,TSLA,New multimonth high  spg   Heavily shorted stock lets Squeeze   hyln  amd  tsla  aapl  twtr  mrna  zm  skt  vnq,0.0,1.0,0.0,0.0
65,TSLA,RT  scarletfu  Longtime  TSLA bear Jim Chanos says if he were to meet  elonmusk  he d say  job well done   Mr  Musk  any response   Busines ,0.0,0.916,0.084,0.2732
66,TSLA,Everybody is the green today   TSLA  SQ  LMND  PLNHF     ,0.0,1.0,0.0,0.0
67,TSLA,RT  MightyTesla  Guys  I still do not see the  heavy trade volumes  on  TSLA due to S amp P inclusion   Are things getting setup to go absolute ,0.0,1.0,0.0,0.0
68,TSLA,RT  BP Rising   TSLA Is no question the most overhyped and overvalued stock in U S  history  The market has never gotten something this wro ,0.091,0.909,0.0,-0.296
69,TSLA,RT  vincent          With or without the S amp P inclusion  I am not selling   single share of my  TSLA,0.112,0.888,0.0,-0.2235
70,TSLA,RT  garyblack       I saw this same cast of characters give up on  AMZN once profitability started to soar in          Same mistakes as  TS ,0.102,0.813,0.085,-0.1027
71,TSLA, SawyerMerritt trying to find your tweet about TSLA stock price and various market caps  Any idea what those were   ,0.0,1.0,0.0,0.0
72,TSLA,RT  garyblack    Bloomberg shows   M  TSLA shares short       of float   but most are hedges against TSLA converts   I expect many to follo ,0.0,0.922,0.078,0.1531
73,TSLA, Pharmdca Are you trimming  TSLA ,0.0,1.0,0.0,0.0
74,GOOG, IGEN form   should be out any day now     aapl  fb  twtr  gs  goog  gm  f   c  bac  tsla,0.0,1.0,0.0,0.0
75,GOOG, aywach Our deal was all stock  So  GOOG  ,0.0,1.0,0.0,0.0
76,GOOG, saxena puru Is there a reason i rarely hear mention of GOOG on these lists compared to the other names ,0.0,1.0,0.0,0.0
77,GOOG,FAANMG   solo  GOOG        y todo el resto en Rojo   Es la rotacion a las  WCLD    ,0.0,1.0,0.0,0.0
78,GOOG,RT  seonho         RT                                                                                                       RT              ,0.0,1.0,0.0,0.0
79,GOOG,goog nightyyyy again ,0.0,1.0,0.0,0.0
80,GOOG, sssloomee  FCB  Lionel  altheban  mansooraljaedi                  ,0.0,1.0,0.0,0.0
81,GOOG,RT  IamMaya     Long term investments since          GOOG         AAPL         AMZN         FB         MSFT         TSLA         Bitcoin    ,0.0,1.0,0.0,0.0
82,GOOG,For someone with    k to invest  if you could only choose one  what should they buy   GOOG or  AMZN    Please comment why ,0.0,0.897,0.103,0.3182
83,GOOG, bruhbartholome goog   ,0.0,1.0,0.0,0.0
84,GOOG,RT  jicchamatome                    ZM  OKTA  CRWD  U  GDRX  PLTR  BLK  JPM  C  GS  MS  PM  PG  UBS  LMT  TXN  SNAP  TSLA  FVRR  PINS  FB   ,0.0,1.0,0.0,0.0
85,GOOG, Brokeboysaint Goog job,0.0,1.0,0.0,0.0
86,GOOG,RT  TMFStoffel  Little late  but an update on where I have Skin In The Game for my  themotleyfool writing       SHOP       of portfolio    ,0.0,1.0,0.0,0.0
87,GOOG, restii  Goog luck,0.0,0.4,0.6,0.4588
88,GOOG,RT  PsychoTrader     SNOW looking to break out more       SPY  QQQ  TSLA  ZM  BABA  GOOG  NVDA  NIO  FB  FSR  PTON  TDOC  SQ  PENN  DKNG  T ,0.0,1.0,0.0,0.0
89,GOOG,RT  StockMKTNewz  Here s how the largest stocks have performed so far today  Apple  AAPL       Microsoft  MSFT        Amazon  AMZN        A ,0.0,0.909,0.091,0.1779
90,GOOG, KamVTV You need wake up   get out main midia  find  goog news  ,0.0,1.0,0.0,0.0
91,GOOG,RT  IamMaya     Long term investments since          GOOG         AAPL         AMZN         FB         MSFT         TSLA         Bitcoin    ,0.0,1.0,0.0,0.0
92,GOOG,RT  jicchamatome                    ZM  OKTA  CRWD  U  GDRX  PLTR  BLK  JPM  C  GS  MS  PM  PG  UBS  LMT  TXN  SNAP  TSLA  FVRR  PINS  FB   ,0.0,1.0,0.0,0.0
93,GOOG,RT  TMFStoffel  Little late  but an update on where I have Skin In The Game for my  themotleyfool writing       SHOP       of portfolio    ,0.0,1.0,0.0,0.0
94,GOOG,RT  septmiracles  it s just baffling to me the way there r writers who choose to write him being a complete fucking knobhead and all i uplo ,0.0,1.0,0.0,0.0
95,GOOG,RT  nicole        Stocks to watch Dec    thru Dec     aapl  brk a  brk b  nvr  seb  bkng  cabo  goog  meli  cmg  azo  mtd  sam  wmt  bac  c ,0.0,1.0,0.0,0.0
96,GOOG, happyKANAWUTday  Happy Birthday Gulfie   May this year filled with goog health  happiness and success for you  ,0.0,0.542,0.458,0.9001
97,GOOG,RT  TMFStoffel  Little late  but an update on where I have Skin In The Game for my  themotleyfool writing       SHOP       of portfolio    ,0.0,1.0,0.0,0.0
98,GOOG,RT  TMFStoffel  Little late  but an update on where I have Skin In The Game for my  themotleyfool writing       SHOP       of portfolio    ,0.0,1.0,0.0,0.0
99,GOOG,RT  jicchamatome                    ZM  OKTA  CRWD  U  GDRX  PLTR  BLK  JPM  C  GS  MS  PM  PG  UBS  LMT  TXN  SNAP  TSLA  FVRR  PINS  FB   ,0.0,1.0,0.0,0.0
100,AAPL,RT  Daniel          What materialistic things will your future dividends cover    Mine will cover     AAPL will cover my next iPhone   JNJ ,0.0,1.0,0.0,0.0
101,AAPL,AAPL  gt     RSI      d                             ,0.0,0.488,0.512,0.2732
102,AAPL, IGEN form   should be out any day now     aapl  fb  twtr  gs  goog  gm  f   c  bac  tsla,0.0,1.0,0.0,0.0
103,AAPL,Most active stocks in the stock market since market open   NIO  LIZI  AAL  EVK  PLTR  FCEL  WORK  GE  AAPL,0.0,0.857,0.143,0.4576
104,AAPL, AAPL  DAL  AAL  amp   LVMUY are the stocks I m mostly invested in ,0.0,1.0,0.0,0.0
105,AAPL,Feel like  AAPL  AMZN  V  MA are ready to break out,0.0,0.615,0.385,0.6124
106,AAPL,New multimonth high  spg   Heavily shorted stock lets Squeeze   hyln  amd  tsla  aapl  twtr  mrna  zm  skt  vnq,0.0,1.0,0.0,0.0
107,AAPL, Jollibeestocks Just like how  AAPL was lagging      FB gotta catch up now,0.144,0.685,0.171,0.1027
108,AAPL,ALL in BTFD of  MSFT  AAPL  AMZN as soon as possible,0.0,1.0,0.0,0.0
109,AAPL, johnscharts  T          ClutchBP AAPL  Took loss    ,0.365,0.635,0.0,-0.3182
110,AAPL, ricky      AAPL having squeeze signal tho just wait,0.0,1.0,0.0,0.0
111,AAPL, AMD  AAPL not cooperating with me today    red day for me   no worries  tomorrow will be better   HAGD everyone   ,0.186,0.559,0.255,0.4278
112,AAPL,hehe  gt     AAPL Mar       Calls        FT Theo        ASK   ,0.0,0.769,0.231,0.2732
113,AAPL,me dice una fuente que  AAPL est  servida en bandeja  que plato ,0.0,1.0,0.0,0.0
114,AAPL,AAPL  gt     RSI      d                             ,0.0,0.488,0.512,0.2732
115,AAPL,RT  cedarsecurities  Fact   AAPL Airpods generated more revenue in      than  TWTR   SPOT   SHOP and  SNAP combined  via  Wedbush,0.0,1.0,0.0,0.0
116,AAPL,You really aren t supposed to get these wicks in  ES F   AAPL   AMZN and  MSFT  This is after hours liquidity type stuff,0.0,1.0,0.0,0.0
117,AAPL,RT  DankanGina   AAPL  KochmasDay   Daytrading Astonish by how bulls appears to alter the course today  Seems like bulls are on the move ju ,0.0,0.898,0.102,0.3612
118,AAPL, d h k   Apple  ethereum Wrapped Mirror AAPL Tokens ,0.0,1.0,0.0,0.0
119,AAPL, seyedoption  AAPL lagging and still looks good  Letting  ema catch up,0.15,0.643,0.207,0.2023
120,AAPL,RT  cedarsecurities  Fact   AAPL Airpods generated more revenue in      than  TWTR   SPOT   SHOP and  SNAP combined  via  Wedbush,0.0,1.0,0.0,0.0
121,AAPL,RT  DankanGina   AAPL  KochmasDay   Daytrading Astonish by how bulls appears to alter the course today  Seems like bulls are on the move ju ,0.0,0.898,0.102,0.3612
122,AAPL,AAPL  gt     RSI      d                             ,0.0,0.488,0.512,0.2732
123,AAPL,I m starting to think that  AAPL is in a bull trap mode     ,0.204,0.796,0.0,-0.3182
124,AAPL,RT  Tickeron   AAPL s    day Moving Average broke above its    day Moving Average on November           View odds for this and other indica ,0.123,0.877,0.0,-0.4215
125,AAPL, alert OT  LOTTO   Buy  NKLA   c               SPY  SPX  MSFT  AAPL  AMZN  BA  FB  GOOGL  JNJ  BRK B  V  JPM  TSLA  CMG,0.0,0.885,0.115,0.296
126,MSFT,RT  MSFTGameStack  It wasn t just the technology Azure has to offer that made  HiRezStudios choose it as a platform   It was the responsive ,0.0,0.894,0.106,0.3612
127,MSFT,RT  MinteractApp   Options Flow Grid Update  MSFT  OptionsTrading  Microsoft Shares       to         OptionsFlow  Microsoft     stocks  sto ,0.0,0.864,0.136,0.296
128,MSFT,RT  cailen  I spoke with the early Slack sales team back in       long before MSFT had entered the space  I urged them to invest in their e ,0.0,1.0,0.0,0.0
129,MSFT,RT  Daniel          What materialistic things will your future dividends cover    Mine will cover     AAPL will cover my next iPhone   JNJ ,0.0,1.0,0.0,0.0
130,MSFT,RT  cailen  I spoke with the early Slack sales team back in       long before MSFT had entered the space  I urged them to invest in their e ,0.0,1.0,0.0,0.0
131,MSFT, msft     dec   th,0.0,1.0,0.0,0.0
132,MSFT,RT  ID Xbox  WOOF  Red and Blue have finally arrived to bark  bite  bounce through colorful obstacles   and into our hearts   Puzzle and pu ,0.176,0.824,0.0,-0.5719
133,MSFT,RT  Microsoft  Microsoft    FedEx  FedEx Surround  a new platform using Azure ecosystem products including Azure Synapse  helps customers d ,0.0,0.86,0.14,0.3818
134,MSFT, Windows  MSPaint  But I didn t order in time  If you have any extras  Men s size Medium ,0.0,1.0,0.0,0.0
135,MSFT,RT  ID Xbox  WOOF  Red and Blue have finally arrived to bark  bite  bounce through colorful obstacles   and into our hearts   Puzzle and pu ,0.176,0.824,0.0,-0.5719
136,MSFT,RT  Azure  Let s talk  Azure landing zones  What are they and how do they set up your environment for success  Watch now on the  AzureEnabl ,0.0,0.866,0.134,0.5719
137,MSFT,RT  msftsecurity  Announcing  Azure Purview  a new way to manage and govern your operational and analytical data that enables users to map  ,0.0,1.0,0.0,0.0
138,MSFT,RT  MicrosoftEDU    Calling all campers     Start packing your   for fun virtual sessions from  MicrosoftStore  Sign up to follow the Idita ,0.0,0.852,0.148,0.5106
139,MSFT,RT  Microsoft   Dev  We are excited to welcome  LuiseFreese and  sebastienlevert as the new members to our Microsoft     Pattern and Practi ,0.0,0.779,0.221,0.6597
140,MSFT,RT  Microsoft  Microsoft    FedEx  FedEx Surround  a new platform using Azure ecosystem products including Azure Synapse  helps customers d ,0.0,0.86,0.14,0.3818
141,MSFT,RT  MSFTEnable  By embracing  MicrosoftTeams   vsheshco  a workforce services provider  is delivering engaging lessons in the cloud and equ ,0.0,0.876,0.124,0.34
142,MSFT,RT  Azure  Don t miss your chance to hear Microsoft CEO  SatyaNadella discuss the future of data and analytics at the  Azure digital event  ,0.065,0.854,0.081,0.1027
143,MSFT,RT  cailen  I spoke with the early Slack sales team back in       long before MSFT had entered the space  I urged them to invest in their e ,0.0,1.0,0.0,0.0
144,MSFT, MSFT Business I never received acknowledgement of my registration  How do get to the conference ,0.0,1.0,0.0,0.0
145,MSFT, msft buys  box   ,0.0,1.0,0.0,0.0
146,MSFT, verge Huh  Teams is shit  Ask MSFT employees themselves lol   Bundling Teams with Windows doesn t make it successful  What even ,0.132,0.625,0.243,0.4588
147,MSFT,RT  Azure France    Lumi re sur les identit s num riques   Quel r le peuvent elles jouer dans votre strat gie de  transfonum   On vous en p ,0.0,1.0,0.0,0.0
148,MSFT,ALL in BTFD of  MSFT  AAPL  AMZN as soon as possible,0.0,1.0,0.0,0.0
149,MSFT,RT  MSFTGameStack  It wasn t just the technology Azure has to offer that made  HiRezStudios choose it as a platform   It was the responsive ,0.0,0.894,0.106,0.3612
150,MSFT,RT  cailen  I spoke with the early Slack sales team back in       long before MSFT had entered the space  I urged them to invest in their e ,0.0,1.0,0.0,0.0
151,MSFT,RT  AzureSupport  Take advantage of  Azure disk storage reservations to save on storage costs  Once disk capacity is reserved  the reservat ,0.0,0.785,0.215,0.6369
152,MSFT, AndresConstabel No esta mejor MSFT    la veo mas atrasada   ,0.216,0.784,0.0,-0.296
153,MSFT, DataMozart  JohannesVink  mim djo There is no cache in serverless sql  This is very strange ,0.248,0.752,0.0,-0.5095
154,MSFT,RT  cailen  I spoke with the early Slack sales team back in       long before MSFT had entered the space  I urged them to invest in their e ,0.0,1.0,0.0,0.0
155,MSFT,RT  cailen  I spoke with the early Slack sales team back in       long before MSFT had entered the space  I urged them to invest in their e ,0.0,1.0,0.0,0.0
156,MSFT, FinanceMaverik   MSFT and  CARR,0.0,1.0,0.0,0.0
157,MSFT,RT  MSFTEnable  Together we have the collective power to create a path toward an inclusive recovery    In honor of  IDPD  learn about stori ,0.0,0.791,0.209,0.6486
158,MSFT,RT  MicrosoftIndia  Over     of disabilities are invisible  There s a lot we can do to help  Follow the series of tweets to come for simple ,0.0,0.891,0.109,0.4019
159,MSFT, amzn double inside day I guess   amgn inside day building   msft woulda been inside day if they didn t run it for    minutes lol,0.0,0.882,0.118,0.4215
160,MSFT,RT  mskkpr                                                              Power Apps                  Power Apps                              ,0.0,1.0,0.0,0.0
161,MSFT,RT  SkypeClassroom  Exposing students to cultural diversity can help encourage new voices  amp  perspectives in your classroom   Get started wi ,0.084,0.677,0.239,0.5994
162,MSFT,RT  windowsdev  We know that many of you love Python  or want to learn more about it    So we thought we d share this helpful podcast episo ,0.0,0.668,0.332,0.8735
163,MSFT,RT  MSFTGroyper   zerohedge Besides  MSFT of course ,0.0,1.0,0.0,0.0
164,MSFT,RT  msPartner  This International Day of Persons with Disabilities  we re thinking about  MSPartner organizations that create solutions to ,0.0,0.817,0.183,0.4215
165,MSFT, zerohedge Besides  MSFT of course ,0.0,1.0,0.0,0.0
166,FB,RT  MiriamBerchuk  Posted to a Canadian physician FB group with surprise expressed at his candour  Kudos to  drdagly for not sugar coating ,0.0,0.779,0.221,0.6597
167,FB,RT      elifk     ten ma  vermi  adamlar z hi  sevinemicem bol  ans fb,0.0,1.0,0.0,0.0
168,FB,RT  ForCivicEU  In Poland  the government is trying by any means to stop  strajkkobiet from protesting  but that does not stop their enthus ,0.24,0.76,0.0,-0.6486
169,FB, nica fun  o do meu fb   para os meus amigos pegarem foto antiga minha e fazer figurinhas  ,0.0,0.809,0.191,0.5106
170,FB, danielmarven  Inawezekana I fb,0.0,1.0,0.0,0.0
171,FB, ATellesSZN Fb,0.0,1.0,0.0,0.0
172,FB, STSportsPodcast fb,0.0,1.0,0.0,0.0
173,FB,RT  LeninCamposC  Los invito a ver el pronunciamiento de la Lic   PatySilvaCelis  diputada Antorchista en S L P     Me sumo a la protesta y ,0.0,1.0,0.0,0.0
174,FB,RT  ABCTVpy   Camilo es un Montaner m s y es una bendici n que ha agregado un valor a la familia y estamos orgullosos de nuestra hermanita ,0.0,0.893,0.107,0.34
175,FB, LOV DERY fb   ,0.0,1.0,0.0,0.0
176,FB,RT  molliepug       Fb I ce Missing     Have you noticed a husky dog  new to your area   Have you  Your friend   family member or neighbour ,0.087,0.787,0.126,0.25
177,FB,RT  veracious      Rajuman          KannikaRavi  Kannikaravifans  Amitbababsf  VijaySingh       AmitUpa      KafirGreat  AmitAg     veerkun ,0.0,1.0,0.0,0.0
178,FB,RT  universocroft  O injusti ado  The Angel of Darkness  sempre ser  reverenciado no Universo Croft  e por isso  HOJE   s   h   vamos ter a ,0.198,0.802,0.0,-0.4939
179,FB, Lloy  do  Ayodelefx  iam zara  Fb,0.0,1.0,0.0,0.0
180,FB, esmer fb  kbraogretmn   renece im var m  b yle bir eri im  ,0.0,1.0,0.0,0.0
181,FB, Rxxvdra fb,0.0,1.0,0.0,0.0
182,FB,RT  mdeconomy  If you missed the Lunch  amp  Legislative Live session with Del   JheanelleW catch up here  Learn more about how policies like r ,0.086,0.817,0.097,0.0772
183,FB,RT  ABCTVpy   MauYRicky   Amamos Paraguay    Paraguay estuvo en el comienzo  desde los primeros pasos  yo me acuerdo que visitamos San Bern ,0.0,1.0,0.0,0.0
184,FB,stress hindi makapag fb amputa,0.412,0.588,0.0,-0.4215
185,FB,RT  caratlandmart  RT TWEET INI UNTUK DAPAT FB  ,0.0,1.0,0.0,0.0
186,FB, iAnjalithaku  chauhan      ViploveGupta    Fb      ,0.0,1.0,0.0,0.0
187,FB, Zafer     FB  Muratozen     Ac m  ,0.0,1.0,0.0,0.0
188,FB, pwettymom  Fb,0.0,1.0,0.0,0.0
189,FB, creasy      EasyGentle Fb,0.0,1.0,0.0,0.0
190,FB,RT  VictMoraAlcalde  Hoy   de diciembre es el  DiadelaDiscapacidad y   AfanasSCRT lo ha celebrado para visibilizar a su colectivo   A causa ,0.0,0.87,0.13,0.34
191,FB, Nervoos  fb,0.0,1.0,0.0,0.0
192,FB, aimanomist Den mokcik fb jugak ni   br nak kenal dunia Twitter   x do org nak kwn dgn mokcik   Sedihh   ,0.0,1.0,0.0,0.0
193,FB,i can t believe my fake fb name was my middle name  that s ghetto  ,0.22,0.78,0.0,-0.4767
194,FB,RT  INFJLOVE    THURSDAY TRUMP TRAIN ALLLLLLLLL aboard   this train is departing  amp  we won t be stopping until we ve been declared a victory ,0.063,0.748,0.189,0.4939
195,FB, hawklan    PrinceYemiMike  Change Fb  Check ur dm,0.0,1.0,0.0,0.0
196,FB, proffibonacci  Fatihunal   En son halini alsak  stad,0.0,1.0,0.0,0.0
197,FB,gi ban man gud kos fb ba awa,0.34,0.66,0.0,-0.5574
198,FB,RT  ArianaDMichaels  This popped up on my FB memories from       Remember when Sean Hannity supported child molester Roy Moore   Remember w ,0.14,0.763,0.097,-0.25
199,FB, bergemantungan fb,0.0,1.0,0.0,0.0
200,FB, Gold          TundeEddnut Fb,0.0,1.0,0.0,0.0
201,FB,RT  socimpsoton  The Fightback returns   We ll be showcasing amazing  volunteer work in the local community by talking to Abdoulie Sanneh f ,0.0,0.84,0.16,0.5859
202,FB,RT  ForCivicEU  In Poland  the government is trying by any means to stop  strajkkobiet from protesting  but that does not stop their enthus ,0.24,0.76,0.0,-0.6486
203,FB,RT  BPrima                          SambungRTsetiaNKRI           PakTua          langityang   tehang    puput wlndri  DimasMA    joentakriv ,0.0,1.0,0.0,0.0
204,FB,RT  Faray     HenMex    GobIzcalli  izcaheroes  IzcalliDenuncia   LACM   carpmufi  DmxOficial  Ej SanIsidro  ROSSY         En qu  calle fue ,0.0,1.0,0.0,0.0
205,FB, Vwufie fb,0.0,1.0,0.0,0.0
206,FB, Deveshabvp    Fb,0.0,1.0,0.0,0.0
207,FB, YusufdtamboliD Add plz bhai fb,0.0,0.755,0.245,0.0772
208,FB, shevaFB Bizde de i  yapm yor ki tek i  yapt    fb ma   bombo  adam,0.0,1.0,0.0,0.0
209,FB, FBBasketbol yine ba lad  fb bekomuz yine ba lad ,0.0,1.0,0.0,0.0
210,FB,RT  H markazi  Assalam Alaikum  Hansi Aati Hai Mujhe Hasrate Insaan Par Gunah Karta Hai Khud Aur Lanat Bhejta Hai Saitan Par            H m ,0.0,1.0,0.0,0.0
211,FB, Hadi         Fb dgn org nya lgsg,0.0,1.0,0.0,0.0
212,FB,RT  AhadMir PK                                           fb fb   AhadMir PK  Sm pk  Shzad   tarar     ali                   Kurri    Sajid  ,0.0,1.0,0.0,0.0
213,FB, talktozay fb,0.0,1.0,0.0,0.0
214,FB,This is my FB page Please Find for my buddy who was stolen ttps   facebook com cokypiyo   BreakingNews  barcelona  Catalunya  Spain,0.131,0.776,0.094,-0.2263
215,FB,RT  KingofJUCO  Average FB velo changes from             Jacob deGrom      mph       mph Shane Bieber      mph       mph Yu Darvish      mp ,0.0,1.0,0.0,0.0
216,FB, SuperSmada  itstheIMD You fresh Fb,0.0,0.635,0.365,0.3182
217,FB, ThievesAvenue fb,0.0,1.0,0.0,0.0
218,FB, xthfcmatt He ll only score if u Fb hth,0.0,1.0,0.0,0.0
219,FB,RT  trvfishXX  Saw this on Fb and y all have to see it too   WOMEN        Duduzane    Themba    Dear South Africa  cyrilramaphosa  Presiden ,0.0,0.885,0.115,0.3818
220,FB,BCT  RT untuk Temenan  FB ya,0.0,1.0,0.0,0.0
221,FB, K   FM  catdaddy     RonMurrayJr  Ollie Gordon   IAR  Football  TRINITY HS ATH  NorthCro FB  NCHSAth Fire Bay Bay,0.138,0.862,0.0,-0.34
222,GOOGL,TikTok increasing video length to   mins   Gonna eat away at youtube   googl,0.0,1.0,0.0,0.0
223,GOOGL,RT  HomeBuzzOne  Worldwide  prime carmakers and tech organizations like Google s mother or father  Alphabet  GOOGL   and China s Baidu  BID ,0.0,0.878,0.122,0.3612
224,GOOGL, tradingwiser Dee has been on fireeee  pdd  ba  googl  tsla  cmg  amd  mrna to begin with ,0.0,1.0,0.0,0.0
225,GOOGL,     AMZN    GOOGL                         V X                   ,0.0,1.0,0.0,0.0
226,GOOGL, RToxiea googl it,0.0,1.0,0.0,0.0
227,GOOGL,RT  JafarUniversity                                                                                                                         ,0.0,1.0,0.0,0.0
228,GOOGL,GOOGL candle   who are you faking on low volume ,0.412,0.588,0.0,-0.5994
229,GOOGL,RT  carlquintanilla   TWTR  FB  GOOGL,0.0,1.0,0.0,0.0
230,GOOGL,En el      terminaran de hacer una r plica del Titanic  si no me cre is buscar en Googl   Titanic ,0.115,0.885,0.0,-0.296
231,GOOGL, AMZN  GOOGL  ORCL  MSFT all will be eying  SPLK with haircut,0.0,1.0,0.0,0.0
232,GOOGL,GOOGL      added       stop lod allready in     s       protection in place,0.216,0.784,0.0,-0.296
233,GOOGL, alert OT  LOTTO   Buy  NKLA   c               SPY  SPX  MSFT  AAPL  AMZN  BA  FB  GOOGL  JNJ  BRK B  V  JPM  TSLA  CMG,0.0,0.885,0.115,0.296
234,GOOGL,RT  PandaOptions   GOOGL Nearly tagged the      level today  Very nice winner off the trigger over       Pulling back here  Needs to hold o ,0.0,0.726,0.274,0.8004
235,GOOGL,RT  JafarUniversity                                                                                                                         ,0.0,1.0,0.0,0.0
236,GOOGL,add  GOOGL  travel  advertising back to  pre  Corona levels,0.0,1.0,0.0,0.0
237,GOOGL,RT  JafarUniversity                                                                                                                         ,0.0,1.0,0.0,0.0
238,GOOGL,RT  JafarUniversity                                                                                                                         ,0.0,1.0,0.0,0.0
239,GOOGL,RT  JafarUniversity                                                                                                                         ,0.0,1.0,0.0,0.0
240,GOOGL,RT  JafarUniversity                                                                                                                         ,0.0,1.0,0.0,0.0
241,GOOGL,RT  JafarUniversity                                                                                                                         ,0.0,1.0,0.0,0.0
242,GOOGL, HalftimeReport the recovery stocks have been driving the market this week but I m sticky with FAANG  Heavy weight  AAPL  GOOGL  FB ,0.0,1.0,0.0,0.0
243,GOOGL,RT  JafarUniversity                                                                                                                         ,0.0,1.0,0.0,0.0
244,GOOGL, SPY  SPX  ES F  QQQ  NQ F  NDX  TSLA  NIO  AAPL  MSFT  AMZN  GOOGL  NFLX  ZM  BA  SNAP  AAL  PLTR  SPLK  ZS,0.0,1.0,0.0,0.0
245,GOOGL,via carlquintanilla   TWTR  FB  GOOGL  fb,0.0,1.0,0.0,0.0
246,GOOGL,RT  cloneinvestor  Li Lu   Parents were sent to labor camps  Lost adopted family to earthquake  Became a student leader in Tiananmen Square ,0.103,0.897,0.0,-0.3182
247,GOOGL, KeithMcCullough  GOOGL ticked       from top end of RR today  ,0.241,0.603,0.155,-0.25
248,GOOGL,RT  PandaOptions  Some of todays winners     GOOGL Swing from yesterday          c hit             to         BA Swing from yesterday      ,0.0,0.829,0.171,0.4767
249,GOOGL,RT  JafarUniversity                                                                                                                         ,0.0,1.0,0.0,0.0
250,GOOGL,rolled GOOGL to     s on this drop     avg down from     s   GOOGL  newalltimehighs                      ,0.192,0.808,0.0,-0.3346
251,GOOGL, Korebi  Googl amcaya bak n mavi ve turuncu kalbin anlam na ben bakt m manas  sevgili de il,0.0,1.0,0.0,0.0
252,GOOGL,RT  PandaOptions   GOOGL Nearly tagged the      level today  Very nice winner off the trigger over       Pulling back here  Needs to hold o ,0.0,0.726,0.274,0.8004
253,GOOGL,ALL in Long  AMZN  AAPL  SHOP  MSFT  GOOGL,0.0,1.0,0.0,0.0
254,GOOGL,stopped out NVDA and googl     s,0.322,0.678,0.0,-0.2263
255,GOOGL,RT  JafarUniversity                                                                                                                         ,0.0,1.0,0.0,0.0
256,GOOGL,RT  firezok                                                                                                                                 ,0.0,1.0,0.0,0.0
257,GOOGL, TwinsightPro Thoughts on buying googl dec       c ,0.0,1.0,0.0,0.0
258,GOOGL,RT  financial kf  Everybody has a podcast  but who owns the platforms   Amazon  AMZN is trying to get in with talks to buy Wondery   But th ,0.0,0.921,0.079,0.2617
259,GOOGL,FANGMAN      AMZN GOOGL   ,0.0,1.0,0.0,0.0
260,GOOGL, tradewolimits GOOGL looks like it s trying to turn around   ,0.0,0.762,0.238,0.3612
261,GOOGL, GOOGL The leader is starting again,0.0,1.0,0.0,0.0
262,JNJ,RT  Daniel          What materialistic things will your future dividends cover    Mine will cover     AAPL will cover my next iPhone   JNJ ,0.0,1.0,0.0,0.0
263,JNJ, lohan      Aight that s a bet   I ll be waiting  ,0.0,1.0,0.0,0.0
264,JNJ,RT  JavierNavarroja  EL GENERAL FRANCO ASESINO A MILLONES DE ESPA OLES  PINOCHET ASESINO A MILES DE CHILENOS  PI ERA Y LA CONCERTACION ASES ,0.0,1.0,0.0,0.0
265,JNJ, lohan      I know I got you   amp  whenever works for you tbh,0.0,1.0,0.0,0.0
266,JNJ,RT  REALITYofJNJ    GovNedLamont  WVGovernor  GovEvers  GovernorGordon  GovInslee  Will YOU be getting injected with  COVID     biologic su ,0.0,1.0,0.0,0.0
267,JNJ, lohan      Lol I knowww   come to me ,0.0,0.641,0.359,0.4215
268,JNJ,RT  REALITYofJNJ    GovofCO  GovLarryHogan  MassGovernor  govkristinoem  henrymcmaster  Will YOU be getting injected with  COVID biologic s ,0.0,1.0,0.0,0.0
269,JNJ,RT  REALITYofJNJ    GovWhitmer  GovernorVA  JohnCarneyDE  GovHerbert  GovMikeDeWine   I m thinking not many people would want to be injecte ,0.0,0.92,0.08,0.0772
270,JNJ,I have this crazy ass headache   ,0.663,0.337,0.0,-0.7096
271,JNJ,RT  REALITYofJNJ    GovWhitmer  GovernorVA  JohnCarneyDE  GovHerbert  GovMikeDeWine   I m thinking not many people would want to be injecte ,0.0,0.92,0.08,0.0772
272,JNJ,We are reiterating the MARKET will go up   spy  qqq  cmcsa  tjx  xlnx  jnj  tsla  amzn  qcom  nee,0.0,1.0,0.0,0.0
273,JNJ,RT  REALITYofJNJ    GovWhitmer  GovernorVA  JohnCarneyDE  GovHerbert  GovMikeDeWine   Will YOU be getting injected with  COVID biologic sur ,0.0,1.0,0.0,0.0
274,JNJ,RT  REALITYofJNJ    GovofCO  GovLarryHogan  MassGovernor  govkristinoem  henrymcmaster  Looks like  COVID     vaxx is filled with nanobots ,0.0,0.848,0.152,0.3612
275,JNJ,RT  REALITYofJNJ    GovofCO  GovLarryHogan  MassGovernor  govkristinoem  henrymcmaster  I m thinking not many people would want to be injec ,0.0,0.92,0.08,0.0772
276,JNJ,RT  REALITYofJNJ    GovofCO  GovLarryHogan  MassGovernor  govkristinoem  henrymcmaster  Will YOU be getting injected with  COVID biologic s ,0.0,1.0,0.0,0.0
277,JNJ,RT  REALITYofJNJ    GovWhitmer  GovernorVA  JohnCarneyDE  GovHerbert  GovMikeDeWine   I m thinking not many people would want to be injecte ,0.0,0.92,0.08,0.0772
278,JNJ,                                             ,0.0,0.0,0.0,0.0
279,JNJ,RT  REALITYofJNJ    GovWhitmer  GovernorVA  JohnCarneyDE  GovHerbert  GovMikeDeWine   I m thinking not many people would want to be injecte ,0.0,0.92,0.08,0.0772
280,JNJ,RT  REALITYofJNJ    GovWhitmer  GovernorVA  JohnCarneyDE  GovHerbert  GovMikeDeWine   Looks like  COVID     vaxx is filled with nanobots to ,0.0,0.857,0.143,0.3612
281,JNJ, InvJav  CDividendos  LocodlDividendo  AMG Aviles  BaronDividendo  dividend man  DividendStreet  JNJ,0.0,1.0,0.0,0.0
282,JNJ,RT  REALITYofJNJ    GovRaimondo  OregonGovBrown  GovStitt  DougBurgum  NC Governor   I m thinking not many people would want to be injected ,0.0,0.925,0.075,0.0772
283,JNJ,RT  jahbilinbilinan  Christmas Drawing Challenge ni  ARTSB   Day    Candy Cane  Joshtin munaaaa tekaaaa Thanks  JnJ Official for being my i ,0.0,0.802,0.198,0.4939
284,JNJ,RT  REALITYofJNJ    GovNedLamont  WVGovernor  GovEvers  GovernorGordon  GovInslee  Will YOU be getting injected with  COVID     biologic su ,0.0,1.0,0.0,0.0
285,JNJ,RT  REALITYofJNJ    GovNedLamont  WVGovernor  GovEvers  GovernorGordon  GovInslee  I m thinking not many people would want to be injected w ,0.0,0.92,0.08,0.0772
286,JNJ,RT  REALITYofJNJ    GovNedLamont  WVGovernor  GovEvers  GovernorGordon  GovInslee  Looks like  COVID     vaxx is filled with nanobots to ho ,0.0,0.865,0.135,0.3612
287,JNJ,RT  REALITYofJNJ    GovAndyBeshear  GovLauraKelly  IAGovernor  GovHolcomb  JBPritzker  Looks like  COVID     vaxx is filled with nanobots t ,0.0,0.848,0.152,0.3612
288,JNJ,RT  JavierNavarroja  ES RIDICULO VER A GENTE TATUADA HASTA EL LOLY  CON PIRSHING CON TODA CLASE DE VICIOS Y COMPORTAMIENTOS EXTRA OS ANDAR ,0.0,1.0,0.0,0.0
289,JNJ,RT  REALITYofJNJ    GovernorLittle  GovHawaii  dougducey  GovDunleavy  GovernorKayIvey  I m thinking not many people would want to be injec ,0.0,0.92,0.08,0.0772
290,JNJ,RT  REALITYofJNJ    GovernorLittle  GovHawaii  dougducey  GovDunleavy  GovernorKayIvey  Looks like  COVID     vaxx is filled with nanobots ,0.0,0.848,0.152,0.3612
291,JNJ,RT  JavierNavarroja  EN CHINA EL ESTADO PROFUNDO CREO LA FALSA PANDEMIA PARA REPRIMIR A LAS PROTESTAS EN HONG KONG Y LES QUEDO TAN BIEN EL ,0.0,1.0,0.0,0.0
292,JNJ,RT  REALITYofJNJ    GovAndyBeshear  GovLauraKelly  IAGovernor  GovHolcomb  JBPritzker  I m thinking not many people would want to be inject ,0.0,0.92,0.08,0.0772
293,JNJ,RT  REALITYofJNJ    GovAndyBeshear  GovLauraKelly  IAGovernor  GovHolcomb  JBPritzker  Will YOU be getting injected with  COVID biologic su ,0.0,1.0,0.0,0.0
294,JNJ,RT  REALITYofJNJ    GovAndyBeshear  GovLauraKelly  IAGovernor  GovHolcomb  JBPritzker  I m thinking not many people would want to be inject ,0.0,0.92,0.08,0.0772
295,JNJ,RT  sbinoynten        Bago ako matulog   Never forget   pangatlong basbas na to ni  JoshCullen s   Gusto ko lang sabihin na salamat master ,0.0,0.919,0.081,0.1695
296,JNJ,RT  REALITYofJNJ    GovAndyBeshear  GovLauraKelly  IAGovernor  GovHolcomb  JBPritzker  Looks like  COVID     vaxx is filled with nanobots t ,0.0,0.848,0.152,0.3612
297,JNJ,RT  REALITYofJNJ    GovAndyBeshear  GovLauraKelly  IAGovernor  GovHolcomb  JBPritzker  Looks like  COVID     vaxx is filled with nanobots t ,0.0,0.848,0.152,0.3612
298,JNJ,RT  REALITYofJNJ    GovAndyBeshear  GovLauraKelly  IAGovernor  GovHolcomb  JBPritzker  Looks like  COVID     vaxx is filled with nanobots t ,0.0,0.848,0.152,0.3612
299,JNJ,RT  REALITYofJNJ    GovRaimondo  OregonGovBrown  GovStitt  DougBurgum  NC Governor   Will YOU be getting injected with  COVID     biologic ,0.0,1.0,0.0,0.0
300,JNJ,RT  REALITYofJNJ    GovRaimondo  OregonGovBrown  GovStitt  DougBurgum  NC Governor   Looks like  COVID     vaxx is filled with nanobots to ,0.0,0.865,0.135,0.3612
301,JNJ,RT  REALITYofJNJ    GovRaimondo  OregonGovBrown  GovStitt  DougBurgum  NC Governor   I m thinking not many people would want to be injected ,0.0,0.925,0.075,0.0772
302,JNJ,RT  REALITYofJNJ    GovernorLittle  GovHawaii  dougducey  GovDunleavy  GovernorKayIvey  Looks like  COVID     vaxx is filled with nanobots ,0.0,0.848,0.152,0.3612
303,JNJ,RT  REALITYofJNJ    GovernorLittle  GovHawaii  dougducey  GovDunleavy  GovernorKayIvey  I m thinking not many people would want to be injec ,0.0,0.92,0.08,0.0772
304,JNJ,RT  REALITYofJNJ    GovernorLittle  GovHawaii  dougducey  GovDunleavy  GovernorKayIvey  Will YOUbe getting injected with the biologic surve ,0.0,1.0,0.0,0.0
305,JNJ,RT  REALITYofJNJ    GovParsonMO  tatereeves  GovTimWalz  GovJanetMills  LouisianaGov  Looks like  COVID     vaxx is filled with nanobots to ,0.0,0.857,0.143,0.3612
306,JNJ,RT  REALITYofJNJ    GovParsonMO  tatereeves  GovTimWalz  GovJanetMills  LouisianaGov  I m thinking not many people would want to be injecte ,0.0,0.92,0.08,0.0772
307,JNJ,RT  REALITYofJNJ    GovParsonMO  tatereeves  GovTimWalz  GovJanetMills  LouisianaGov  Will YOU be getting injected with the COVID biologic ,0.0,1.0,0.0,0.0
308,JNJ,RT  REALITYofJNJ    GovMLG  GovChrisSununu  SteveSisolak  GovRicketts  GovernorBullock  Looks like  COVID     vaxx is filled with nanobots ,0.0,0.848,0.152,0.3612
309,JNJ,RT  REALITYofJNJ    GovMLG  GovChrisSununu  SteveSisolak  GovRicketts  GovernorBullock  I m thinking not many people would want to be injec ,0.0,0.92,0.08,0.0772
310,JNJ,RT  REALITYofJNJ    GovMLG  GovChrisSununu  SteveSisolak  GovRicketts  GovernorBullock  Will YOUbe getting injected with the biologic surve ,0.0,1.0,0.0,0.0
311,JNJ,RT  REALITYofJNJ    GovRonDeSantis  GovernorTomWolf  GovKemp  GovBillLee  GovAbbott   Looks like  COVID     vaxx is filled with nanobots to ,0.0,0.857,0.143,0.3612
312,JNJ,RT  REALITYofJNJ    GovRonDeSantis  GovernorTomWolf  GovKemp  GovBillLee  GovAbbott   I m thinking not many people would want to be injecte ,0.0,0.92,0.08,0.0772
313,JNJ,RT  REALITYofJNJ    GovRonDeSantis  GovernorTomWolf  GovKemp  GovBillLee  GovAbbott   Will YOU be getting injected with  COVID biologic sur ,0.0,1.0,0.0,0.0
314,JNJ,RT  REALITYofJNJ    GovRonDeSantis  GovernorTomWolf  GovKemp  GovBillLee  GovAbbott   I m thinking not many people would want to be injecte ,0.0,0.92,0.08,0.0772
315,JNJ, alert OT  LOTTO   Buy  NKLA   c               SPY  SPX  MSFT  AAPL  AMZN  BA  FB  GOOGL  JNJ  BRK B  V  JPM  TSLA  CMG,0.0,0.885,0.115,0.296
